-- MySQL dump 10.13  Distrib 8.0.32, for Win64 (x86_64)
--
-- Host: localhost    Database: miniprojectv03
-- ------------------------------------------------------
-- Server version	8.0.32

/*!40101 SET @OLD_CHARACTER_SET_CLIENT=@@CHARACTER_SET_CLIENT */;
/*!40101 SET @OLD_CHARACTER_SET_RESULTS=@@CHARACTER_SET_RESULTS */;
/*!40101 SET @OLD_COLLATION_CONNECTION=@@COLLATION_CONNECTION */;
/*!50503 SET NAMES utf8 */;
/*!40103 SET @OLD_TIME_ZONE=@@TIME_ZONE */;
/*!40103 SET TIME_ZONE='+00:00' */;
/*!40014 SET @OLD_UNIQUE_CHECKS=@@UNIQUE_CHECKS, UNIQUE_CHECKS=0 */;
/*!40014 SET @OLD_FOREIGN_KEY_CHECKS=@@FOREIGN_KEY_CHECKS, FOREIGN_KEY_CHECKS=0 */;
/*!40101 SET @OLD_SQL_MODE=@@SQL_MODE, SQL_MODE='NO_AUTO_VALUE_ON_ZERO' */;
/*!40111 SET @OLD_SQL_NOTES=@@SQL_NOTES, SQL_NOTES=0 */;

--
-- Table structure for table `lot`
--

DROP TABLE IF EXISTS `lot`;
/*!40101 SET @saved_cs_client     = @@character_set_client */;
/*!50503 SET character_set_client = utf8mb4 */;
CREATE TABLE `lot` (
  `id` bigint NOT NULL AUTO_INCREMENT,
  `purchase_date` date DEFAULT NULL,
  `shares` float DEFAULT '0',
  `cost_per_share` float DEFAULT '0',
  `market_value` float DEFAULT '0',
  `total_gain` float DEFAULT '0',
  `ticker_id` bigint DEFAULT NULL,
  PRIMARY KEY (`id`),
  KEY `ticker_lot_fk` (`ticker_id`),
  CONSTRAINT `ticker_lot_fk` FOREIGN KEY (`ticker_id`) REFERENCES `ticker` (`id`)
) ENGINE=InnoDB AUTO_INCREMENT=5213 DEFAULT CHARSET=utf8mb4 COLLATE=utf8mb4_0900_ai_ci;
/*!40101 SET character_set_client = @saved_cs_client */;

--
-- Dumping data for table `lot`
--

LOCK TABLES `lot` WRITE;
/*!40000 ALTER TABLE `lot` DISABLE KEYS */;
INSERT INTO `lot` VALUES (177,'2023-06-06',100,55,2431,-3069,219),(178,'2023-06-06',100,111,11569,469,220),(179,'2023-06-06',200,72.9,14566,-14,221),(180,'2023-06-06',100,360,39250,3250,222),(181,'2023-06-06',100,220,21215,-785,223),(182,'2023-06-06',50,300,17745,2745,224),(183,'2023-06-06',50,350,17745,245,224),(184,'2023-06-06',50,355,17745,-5,224),(185,'2023-06-06',50,360,21355,3355,225),(1238,'2023-06-16',100,255,25606,106,1105),(1239,'2023-06-16',100,185,18468,-32,1106),(1240,'2023-03-28',100,95,12580,3080,1107),(1241,'2023-03-02',1000,7,16605,9605,1108),(1242,'2023-06-16',60,500,29191.8,-808.2,1109),(1243,'2023-06-16',20,450,9730.6,730.6,1109),(1244,'2023-06-16',20,400,9730.6,1730.6,1109),(1245,'2023-06-16',100,445,44034.5,-465.5,1110),(1246,'2023-06-16',500,420,202315,-7685,1111),(1247,'2023-06-16',100,400,36788,-3212,1112),(1248,'2023-06-16',100,189,21902,3002,1113),(1659,'2023-03-01',10,150,1849.2,349.2,1254),(1660,'2023-04-01',10,160,1849.2,249.2,1254),(1661,'2023-05-01',10,170,1849.2,149.2,1254),(1662,'2023-06-01',10,180,1849.2,49.2,1254),(1663,'2023-06-16',20,250,5210.8,210.8,1255),(1664,'2023-02-01',20,135,5210.8,2510.8,1255),(1665,'2023-02-28',20,300,5210.8,-789.2,1255),(1666,'2023-01-10',20,330,5210.8,-1389.2,1255),(1667,'2023-04-10',20,100,5210.8,3210.8,1255),(1668,'2023-06-16',5,255,1302.7,27.7,1255),(1669,'2023-06-16',20,130,2509.8,-90.2,1256),(1670,'2023-03-15',10,155,1849.2,299.2,1257),(1671,'2023-04-15',10,165,1849.2,199.2,1257),(1672,'2023-05-15',0,175,0,0,1257),(1673,'2023-06-16',100,235,34233,10733,1258),(2064,'2023-02-13',100,132.92,18395,5103,1503),(2065,'2023-02-13',100,89.47,12642,3695,1504),(2066,'2023-02-25',50,93.34,6321,1654,1504),(2067,'2023-02-02',100,96.71,12438,2767,1505),(2068,'2023-06-25',50,89.37,6219,1750.5,1505),(2069,'2023-05-23',100,103.51,12438,2087,1505),(2070,'2023-02-13',100,228.75,33734,10859,1506),(2071,'2023-02-25',10,249.18,3373.4,881.6,1506),(2072,'2023-02-13',100,7.64,1591,827,1507),(2073,'2023-02-25',400,8.07,6364,3136,1507),(2074,'2023-03-13',200,7.675,3182,1647,1507),(2075,'2023-05-02',25.8443,7.74,411.183,211.148,1507),(2076,'2023-05-09',25.9482,7.707,412.836,212.853,1507),(2077,'2023-05-16',21.3918,9.34935,340.344,140.344,1507),(2078,'2023-05-19',-100,12.325,-1591,-358.5,1507),(2079,'2023-05-19',-100,12.36,-1591,-355,1507),(2080,'2023-05-23',17.012,11.7564,270.661,70.661,1507),(2081,'2023-05-31',13.5588,14.7505,215.721,15.7214,1507),(2082,'2023-06-07',13.1957,15.156,209.944,9.94956,1507),(2083,'2023-02-13',100,111.68,25679,14511,1508),(2084,'2023-02-23',10,194.408,2567.9,623.82,1508),(2085,'2023-03-04',10,197.43,2567.9,593.6,1508),(2086,'2023-03-07',20,187.53,5135.8,1385.2,1508),(2087,'2023-03-09',10,176.23,2567.9,805.6,1508),(2088,'2023-03-18',5,179.72,1283.95,385.35,1508),(2089,'2023-04-04',5.0983,196.49,1309.19,307.427,1508),(2090,'2023-04-20',5,170.23,1283.95,432.8,1508),(2091,'2023-05-08',1.2325,162.27,316.494,116.496,1508),(2092,'2023-06-09',0.914,218.809,234.706,34.7146,1508),(5158,'2023-06-06',100,110,26461,15461,3305),(5159,'2023-06-12',50,100,13230.5,8230.5,3305),(5160,'2023-03-14',50,199,13230.5,3280.5,3305),(5161,'2023-06-12',44,110,11642.8,6802.84,3305),(5162,'2023-06-12',44,110,11642.8,6802.84,3305),(5163,'2023-06-12',44,110,11642.8,6802.84,3305),(5164,'2023-06-12',44,110,11642.8,6802.84,3305),(5165,'2023-06-12',44,110,11642.8,6802.84,3305),(5166,'2023-06-12',44,110,11642.8,6802.84,3305),(5167,'2023-06-07',100,230,33971,10971,3306),(5168,'2023-06-12',100,235,33971,10471,3306),(5169,'2023-03-07',50,330,16985.5,485.5,3306),(5170,'2023-03-14',100,150,18700,3700,3307),(5171,'2023-06-12',50,190,9350,-150,3307),(5172,'2023-06-07',50,95,6507.5,1757.5,3308),(5173,'2023-06-07',50,103,6507.5,1357.5,3308),(5174,'2023-06-11',100,95,13015,3515,3308),(5175,'2023-03-01',100,100,13015,3015,3308),(5176,'2023-06-11',100,95,13015,3515,3308),(5177,'2023-03-01',100,100,13015,3015,3308),(5178,'2023-06-11',100,95,13015,3515,3308),(5179,'2023-03-01',100,100,13015,3015,3308),(5180,'2023-06-11',100,95,13015,3515,3308),(5181,'2023-03-01',100,100,13015,3015,3308),(5182,'2023-06-11',100,95,13015,3515,3308),(5183,'2023-03-01',100,100,13015,3015,3308),(5184,'2023-06-11',100,95,13015,3515,3308),(5185,'2023-03-01',100,100,13015,3015,3308),(5186,'2023-06-09',100,500,47758,-2242,3309),(5187,'2023-06-11',100,95,13015,3515,3310),(5188,'2023-03-01',100,100,13015,3015,3310),(5189,'2023-03-29',500,55,12160,-15340,3311),(5190,'2023-05-04',100,55,2432,-3068,3311),(5191,'2023-06-16',50,40,1216,-784,3311),(5192,'2023-05-04',100,55,2432,-3068,3311),(5193,'2023-06-16',50,40,1216,-784,3311),(5194,'2023-05-04',100,55,2432,-3068,3311),(5195,'2023-06-16',50,40,1216,-784,3311),(5196,'2023-05-04',100,55,2432,-3068,3311),(5197,'2023-06-16',50,40,1216,-784,3311),(5198,'2023-05-04',100,55,2432,-3068,3311),(5199,'2023-06-16',50,40,1216,-784,3311),(5200,'2023-05-04',100,55,2432,-3068,3311),(5201,'2023-06-16',50,40,1216,-784,3311),(5202,'2023-06-12',44,110,11642.8,6802.84,3312),(5203,'2023-06-16',100,11,1038,-62,3313),(5204,'2023-06-16',100,11,1038,-62,3313),(5205,'2023-06-16',100,11,1038,-62,3313),(5206,'2023-06-16',100,11,1038,-62,3314),(5207,'2023-05-04',100,55,2432,-3068,3315),(5208,'2023-06-16',50,40,1216,-784,3315),(5209,'2023-06-19',10,430,4026.3,-273.7,3316),(5210,'2023-06-19',10,360,3661.7,61.7,3317),(5211,'2023-02-23',100,400,43651,3651,3318),(5212,'2021-01-01',50,222,10878,-222,3319);
/*!40000 ALTER TABLE `lot` ENABLE KEYS */;
UNLOCK TABLES;

--
-- Table structure for table `portfolio`
--

DROP TABLE IF EXISTS `portfolio`;
/*!40101 SET @saved_cs_client     = @@character_set_client */;
/*!50503 SET character_set_client = utf8mb4 */;
CREATE TABLE `portfolio` (
  `id` bigint NOT NULL AUTO_INCREMENT,
  `portfolio_name` char(100) NOT NULL,
  `net_value` float DEFAULT '0',
  `total_gain` float DEFAULT '0',
  `total_gain_percent` float DEFAULT '0',
  `user_id` char(128) DEFAULT NULL,
  PRIMARY KEY (`id`),
  KEY `user_portfolio_fk` (`user_id`),
  CONSTRAINT `user_portfolio_fk` FOREIGN KEY (`user_id`) REFERENCES `user` (`id`)
) ENGINE=InnoDB AUTO_INCREMENT=1189 DEFAULT CHARSET=utf8mb4 COLLATE=utf8mb4_0900_ai_ci;
/*!40101 SET character_set_client = @saved_cs_client */;

--
-- Dumping data for table `portfolio`
--

LOCK TABLES `portfolio` WRITE;
/*!40000 ALTER TABLE `portfolio` DISABLE KEYS */;
INSERT INTO `portfolio` VALUES (159,'Stonks',28566,-2614,-0.0838358,'GqgSdZ7tmGXuMKU3bYLOVq8nEDI2'),(160,'ETFs',135055,8805,0.0697426,'GqgSdZ7tmGXuMKU3bYLOVq8nEDI2'),(533,'Navis',121912,14412,0.134065,'OQIf9PeYFPTa48anhH8EwpnP3kh2'),(534,'ETFs',305040,-8360.5,-0.0266768,'OQIf9PeYFPTa48anhH8EwpnP3kh2'),(592,'Stokc',37263.3,4488.3,0.136943,'M2EMR207EBVQ3iPWtPHGqw8zIrA2'),(593,'New',37931.4,11231.4,0.420652,'M2EMR207EBVQ3iPWtPHGqw8zIrA2'),(667,'Stocks',158323,53550.3,0.51111,'VBDQ7D8JymMo7Sfz6Zi5JazFQA52'),(1185,'Navis',404952,135562,0.503217,'bgzoSAfrEIWgmwOjsxKhe3U6vxQ2'),(1186,'Another one',122593,-27547.2,-0.183476,'bgzoSAfrEIWgmwOjsxKhe3U6vxQ2'),(1187,'MemeStonks',4686,-3914,-0.455116,'bgzoSAfrEIWgmwOjsxKhe3U6vxQ2'),(1188,'ETFs',62217,3217,0.0545254,'bgzoSAfrEIWgmwOjsxKhe3U6vxQ2');
/*!40000 ALTER TABLE `portfolio` ENABLE KEYS */;
UNLOCK TABLES;

--
-- Table structure for table `ticker`
--

DROP TABLE IF EXISTS `ticker`;
/*!40101 SET @saved_cs_client     = @@character_set_client */;
/*!50503 SET character_set_client = utf8mb4 */;
CREATE TABLE `ticker` (
  `id` bigint NOT NULL AUTO_INCREMENT,
  `ticker` char(100) NOT NULL,
  `is_crypto` tinyint(1) DEFAULT '0',
  `price_currency` char(5) DEFAULT 'USD',
  `total_shares` float DEFAULT '0',
  `average_cost_per_share` float DEFAULT '0',
  `current_price` float DEFAULT '0',
  `market_value` float DEFAULT '0',
  `total_gain` float DEFAULT '0',
  `portfolio_id` bigint DEFAULT NULL,
  PRIMARY KEY (`id`),
  KEY `portfolio_ticker_fk` (`portfolio_id`),
  CONSTRAINT `portfolio_ticker_fk` FOREIGN KEY (`portfolio_id`) REFERENCES `portfolio` (`id`)
) ENGINE=InnoDB AUTO_INCREMENT=3320 DEFAULT CHARSET=utf8mb4 COLLATE=utf8mb4_0900_ai_ci;
/*!40101 SET character_set_client = @saved_cs_client */;

--
-- Dumping data for table `ticker`
--

LOCK TABLES `ticker` WRITE;
/*!40000 ALTER TABLE `ticker` DISABLE KEYS */;
INSERT INTO `ticker` VALUES (219,'GME',0,'USD',100,55,24.31,2431,-3069,159),(220,'ABNB',0,'USD',100,111,115.69,11569,469,159),(221,'BBY',0,'USD',200,72.9,72.83,14566,-14,159),(222,'VOO',0,'USD',100,360,392.5,39250,3250,160),(223,'VTI',0,'USD',100,220,212.15,21215,-785,160),(224,'QQQ',0,'USD',150,335,354.9,53235,2985,160),(225,'SPY',0,'USD',50,360,427.1,21355,3355,160),(1105,'TSLA',0,'USD',100,255,256.06,25606,106,533),(1106,'AAPL',0,'USD',100,185,184.68,18468,-32,533),(1107,'AMZN',0,'USD',100,95,125.8,12580,3080,533),(1108,'PLTR',0,'USD',1000,7,16.605,16605,9605,533),(1109,'ADBE',0,'USD',100,470,486.53,48653,1653,533),(1110,'SPY',0,'USD',100,445,440.345,44034.5,-465.5,534),(1111,'VOO',0,'USD',500,420,404.63,202315,-7685,534),(1112,'QQQ',0,'USD',100,400,367.88,36788,-3212,534),(1113,'VTI',0,'USD',100,189,219.02,21902,3002,534),(1254,'AAPL',0,'USD',40,165,184.92,7396.8,796.8,592),(1255,'TSLA',0,'USD',105,224.524,260.54,27356.7,3781.7,592),(1256,'AMZN',0,'USD',20,130,125.49,2509.8,-90.2,592),(1257,'AAPL',0,'USD',20,160,184.92,3698.4,498.4,593),(1258,'MSFT',0,'USD',100,235,342.33,34233,10733,593),(1503,'AAPL',0,'USD',100,132.92,183.95,18395,5103,667),(1504,'AMZN',0,'USD',150,90.76,126.42,18963,5349,667),(1505,'GOOG',0,'USD',250,97.962,124.38,31095,6604.5,667),(1506,'MSFT',0,'USD',110,230.607,337.34,37107.4,11740.6,667),(1507,'PLTR',0,'USD',616.951,6.90251,15.91,9815.69,5557.18,667),(1508,'TSLA',0,'USD',167.245,142.012,256.79,42946.8,19196,667),(3305,'TSLA',0,'USD',464,118.513,264.61,122779,67789,1185),(3306,'MSFT',0,'USD',250,252,339.71,84927.5,21927.5,1185),(3307,'AAPL',0,'USD',150,163.333,187,28050,3550,1185),(3308,'AMZN',0,'USD',1300,97.6154,130.15,169195,42295,1185),(3309,'ADBE',0,'USD',100,500,477.58,47758,-2242,1186),(3310,'AMZN',0,'USD',200,97.5,130.15,26030,6530,1186),(3311,'GME',0,'USD',1400,51.7857,24.32,34048,-38452,1186),(3312,'TSLA',0,'USD',44,110,264.61,11642.8,6802.84,1186),(3313,'PLTN',0,'USD',300,11,10.38,3114,-186,1186),(3314,'PLTN',0,'USD',100,11,10.38,1038,-62,1187),(3315,'GME',0,'USD',150,50,24.32,3648,-3852,1187),(3316,'VOO',0,'USD',10,430,402.63,4026.3,-273.7,1188),(3317,'QQQ',0,'USD',10,360,366.17,3661.7,61.7,1188),(3318,'SPY',0,'USD',100,400,436.51,43651,3651,1188),(3319,'VTI',0,'USD',50,222,217.56,10878,-222,1188);
/*!40000 ALTER TABLE `ticker` ENABLE KEYS */;
UNLOCK TABLES;

--
-- Table structure for table `user`
--

DROP TABLE IF EXISTS `user`;
/*!40101 SET @saved_cs_client     = @@character_set_client */;
/*!50503 SET character_set_client = utf8mb4 */;
CREATE TABLE `user` (
  `id` char(128) NOT NULL,
  `username` char(255) NOT NULL,
  `email` char(255) NOT NULL,
  `date_created` date DEFAULT NULL,
  PRIMARY KEY (`id`)
) ENGINE=InnoDB DEFAULT CHARSET=utf8mb4 COLLATE=utf8mb4_0900_ai_ci;
/*!40101 SET character_set_client = @saved_cs_client */;

--
-- Dumping data for table `user`
--

LOCK TABLES `user` WRITE;
/*!40000 ALTER TABLE `user` DISABLE KEYS */;
INSERT INTO `user` VALUES ('bgzoSAfrEIWgmwOjsxKhe3U6vxQ2','xplodnow','xplodnow@gmail.com','2023-06-06'),('DonHbjhzhEaq2mquEVjOhThtpP52','xplodnow2','xplodnow2@gmail.com','2023-06-07'),('GqgSdZ7tmGXuMKU3bYLOVq8nEDI2','User22','user22@gmail.com','2023-06-06'),('M2EMR207EBVQ3iPWtPHGqw8zIrA2','user11','user1@gmail.com','2023-06-06'),('OQIf9PeYFPTa48anhH8EwpnP3kh2','ksivabalan','ksivabalan.91@gmail.com','2023-06-16'),('VBDQ7D8JymMo7Sfz6Zi5JazFQA52','user33','user33@gmail.com','2023-06-06');
/*!40000 ALTER TABLE `user` ENABLE KEYS */;
UNLOCK TABLES;
/*!40103 SET TIME_ZONE=@OLD_TIME_ZONE */;

/*!40101 SET SQL_MODE=@OLD_SQL_MODE */;
/*!40014 SET FOREIGN_KEY_CHECKS=@OLD_FOREIGN_KEY_CHECKS */;
/*!40014 SET UNIQUE_CHECKS=@OLD_UNIQUE_CHECKS */;
/*!40101 SET CHARACTER_SET_CLIENT=@OLD_CHARACTER_SET_CLIENT */;
/*!40101 SET CHARACTER_SET_RESULTS=@OLD_CHARACTER_SET_RESULTS */;
/*!40101 SET COLLATION_CONNECTION=@OLD_COLLATION_CONNECTION */;
/*!40111 SET SQL_NOTES=@OLD_SQL_NOTES */;

-- Dump completed on 2023-06-23 21:17:37
